timestamp,rule.level,rule.description,agent.name,description,source
2025-09-25T12:24:23.387+01:00,3,Windows Logon Success,DemoHost-01,Wazuh rule 60106: Windows Logon Success,edr
2025-09-25T12:24:23.496+01:00,3,Service startup type was changed,DemoHost-01,Wazuh rule 61104: Service startup type was changed,edr
2025-09-25T12:24:24.005+01:00,7,Listened ports status (netstat) changed (new port opened or closed).,DemoHost-02,Wazuh rule 533: Listened ports status (netstat) changed (new port opened or closed).,edr
2025-09-25T12:24:24.272+01:00,7,Listened ports status (netstat) changed (new port opened or closed).,DemoHost-03,Wazuh rule 533: Listened ports status (netstat) changed (new port opened or closed).,edr
2025-09-25T12:24:24.806+01:00,3,Windows Logon Success,DemoHost-04,Wazuh rule 60106: Windows Logon Success,edr
2025-09-25T12:24:28.881+01:00,3,vsftpd: FTP session opened.,DemoHost-05,Wazuh rule 11401: vsftpd: FTP session opened.,edr
2025-09-25T12:24:32.003+01:00,7,Integrity checksum changed.,DemoHost-06,Wazuh rule 550: Integrity checksum changed.,edr
2025-09-25T12:24:32.049+01:00,7,Integrity checksum changed.,DemoHost-06,Wazuh rule 550: Integrity checksum changed.,edr
2025-09-25T12:24:32.049+01:00,7,Integrity checksum changed.,DemoHost-06,Wazuh rule 550: Integrity checksum changed.,edr
2025-09-25T12:24:33.095+01:00,3,Wazuh server started.,DemoHost-02,Wazuh rule 502: Wazuh server started.,edr
2025-09-25T12:24:36.053+01:00,3,PAM: Login session opened.,DemoHost-02,Wazuh rule 5501: PAM: Login session opened.,edr
2025-09-25T12:24:38.508+01:00,3,vsftpd: FTP session opened.,DemoHost-05,Wazuh rule 11401: vsftpd: FTP session opened.,edr
2025-09-25T12:24:53.766+01:00,3,Windows Logon Success,DemoHost-04,Wazuh rule 60106: Windows Logon Success,edr
2025-09-25T12:25:07.096+01:00,3,Windows Logon Success,DemoHost-07,Wazuh rule 60106: Windows Logon Success,edr
2025-09-25T12:25:12.057+01:00,9,Windows application error event.,DemoHost-08,Wazuh rule 60602: Windows application error event.,edr
2025-09-25T12:25:12.130+01:00,4,Summary event of the report's signatures.,DemoHost-08,Wazuh rule 60608: Summary event of the report's signatures.,edr
2025-09-25T12:25:12.240+01:00,11,Unsigned kernel module was loaded,DemoHost-02,Wazuh rule 5132: Unsigned kernel module was loaded,edr
2025-09-25T12:25:12.669+01:00,3,Service startup type was changed,DemoHost-07,Wazuh rule 61104: Service startup type was changed,edr
2025-09-25T12:25:12.969+01:00,3,Windows Logon Success,DemoHost-08,Wazuh rule 60106: Windows Logon Success,edr
2025-09-25T12:25:31.160+01:00,3,Software protection service scheduled successfully.,DemoHost-04,Wazuh rule 60642: Software protection service scheduled successfully.,edr
2025-09-25T12:25:38.576+01:00,3,vsftpd: FTP session opened.,DemoHost-05,Wazuh rule 11401: vsftpd: FTP session opened.,edr
2025-09-25T12:26:00.451+01:00,3,Windows Logon Success,DemoHost-01,Wazuh rule 60106: Windows Logon Success,edr
2025-09-25T12:26:09.399+01:00,3,Windows Logon Success,DemoHost-01,Wazuh rule 60106: Windows Logon Success,edr
2025-09-25T12:26:16.951+01:00,7,Listened ports status (netstat) changed (new port opened or closed).,DemoHost-09,Wazuh rule 533: Listened ports status (netstat) changed (new port opened or closed).,edr
2025-09-25T12:26:29.843+01:00,5,Windows System error event,DemoHost-04,Wazuh rule 61102: Windows System error event,edr
2025-09-25T12:26:38.631+01:00,3,vsftpd: FTP session opened.,DemoHost-05,Wazuh rule 11401: vsftpd: FTP session opened.,edr
2025-09-25T12:26:56.661+01:00,4,Process loaded taskschd.dll module. May be used to create delayed malware execution,DemoHost-10,Wazuh rule 92154: Process loaded taskschd.dll module. May be used to create delayed malware execution,edr
2025-09-25T12:27:00.652+01:00,3,vsftpd: FTP session opened.,DemoHost-05,Wazuh rule 11401: vsftpd: FTP session opened.,edr
2025-09-25T12:27:00.697+01:00,3,vsftpd: FTP Authentication success.,DemoHost-05,Wazuh rule 11402: vsftpd: FTP Authentication success.,edr
2025-09-25T12:27:06.034+01:00,3,Software protection service scheduled successfully.,DemoHost-04,Wazuh rule 60642: Software protection service scheduled successfully.,edr
2025-09-25T12:27:37.006+01:00,7,Listened ports status (netstat) changed (new port opened or closed).,DemoHost-11,Wazuh rule 533: Listened ports status (netstat) changed (new port opened or closed).,edr
2025-09-25T12:27:38.690+01:00,3,vsftpd: FTP session opened.,DemoHost-05,Wazuh rule 11401: vsftpd: FTP session opened.,edr
2025-09-25T12:27:51.029+01:00,3,sshd: authentication success.,DemoHost-09,Wazuh rule 5715: sshd: authentication success.,edr
2025-09-25T12:27:51.046+01:00,3,PAM: Login session opened.,DemoHost-09,Wazuh rule 5501: PAM: Login session opened.,edr
2025-09-25T12:27:51.047+01:00,3,PAM: Login session opened.,DemoHost-09,Wazuh rule 5501: PAM: Login session opened.,edr
2025-09-25T12:27:51.180+01:00,3,sshd: authentication success.,DemoHost-12,Wazuh rule 5715: sshd: authentication success.,edr
2025-09-25T12:27:51.181+01:00,3,PAM: Login session opened.,DemoHost-12,Wazuh rule 5501: PAM: Login session opened.,edr
2025-09-25T12:27:51.187+01:00,3,PAM: Login session closed.,DemoHost-12,Wazuh rule 5502: PAM: Login session closed.,edr
2025-09-25T12:27:57.056+01:00,3,PAM: Login session closed.,DemoHost-09,Wazuh rule 5502: PAM: Login session closed.,edr
2025-09-25T12:28:38.756+01:00,3,vsftpd: FTP session opened.,DemoHost-05,Wazuh rule 11401: vsftpd: FTP session opened.,edr
2025-09-25T12:28:44.761+01:00,3,vsftpd: FTP session opened.,DemoHost-05,Wazuh rule 11401: vsftpd: FTP session opened.,edr
2025-09-25T12:28:44.761+01:00,3,vsftpd: FTP Authentication success.,DemoHost-05,Wazuh rule 11402: vsftpd: FTP Authentication success.,edr
2025-09-25T12:29:18.955+01:00,3,Windows Logon Success,DemoHost-13,Wazuh rule 60106: Windows Logon Success,edr
2025-09-25T12:29:22.865+01:00,5,Windows System error event,DemoHost-01,Wazuh rule 61102: Windows System error event,edr
2025-09-25T12:29:38.829+01:00,3,vsftpd: FTP session opened.,DemoHost-05,Wazuh rule 11401: vsftpd: FTP session opened.,edr
2025-09-25T12:29:55.270+01:00,3,PAM: Login session opened.,DemoHost-03,Wazuh rule 5501: PAM: Login session opened.,edr
2025-09-25T12:29:55.270+01:00,3,PAM: Login session opened.,DemoHost-03,Wazuh rule 5501: PAM: Login session opened.,edr
2025-09-25T12:29:55.270+01:00,3,sshd: authentication success.,DemoHost-03,Wazuh rule 5715: sshd: authentication success.,edr
2025-09-25T12:29:55.291+01:00,3,PAM: Login session closed.,DemoHost-03,Wazuh rule 5502: PAM: Login session closed.,edr
2025-09-25T12:29:55.364+01:00,5,Systemd: Service exited due to a failure.,DemoHost-03,Wazuh rule 40704: Systemd: Service exited due to a failure.,edr
2025-09-25T12:29:57.058+01:00,9,Windows application error event.,DemoHost-04,Wazuh rule 60602: Windows application error event.,edr
2025-09-25T12:29:57.255+01:00,3,sshd: authentication success.,DemoHost-03,Wazuh rule 5715: sshd: authentication success.,edr
2025-09-25T12:29:57.258+01:00,3,PAM: Login session opened.,DemoHost-03,Wazuh rule 5501: PAM: Login session opened.,edr
2025-09-25T12:29:57.266+01:00,3,PAM: Login session closed.,DemoHost-03,Wazuh rule 5502: PAM: Login session closed.,edr
2025-09-25T12:29:57.283+01:00,5,Systemd: Service exited due to a failure.,DemoHost-03,Wazuh rule 40704: Systemd: Service exited due to a failure.,edr
2025-09-25T12:29:57.301+01:00,5,Systemd: Service exited due to a failure.,DemoHost-03,Wazuh rule 40704: Systemd: Service exited due to a failure.,edr
2025-09-25T12:29:57.316+01:00,5,Systemd: Service exited due to a failure.,DemoHost-03,Wazuh rule 40704: Systemd: Service exited due to a failure.,edr
2025-09-25T12:29:57.331+01:00,5,Systemd: Service exited due to a failure.,DemoHost-03,Wazuh rule 40704: Systemd: Service exited due to a failure.,edr
2025-09-25T12:29:59.216+01:00,5,Windows System error event,DemoHost-07,Wazuh rule 61102: Windows System error event,edr
2025-09-25T12:30:00.945+01:00,3,Service startup type was changed,DemoHost-01,Wazuh rule 61104: Service startup type was changed,edr
2025-09-25T12:30:07.281+01:00,3,PAM: Login session closed.,DemoHost-03,Wazuh rule 5502: PAM: Login session closed.,edr
2025-09-25T12:30:12.065+01:00,9,Windows application error event.,DemoHost-08,Wazuh rule 60602: Windows application error event.,edr
2025-09-25T12:30:12.139+01:00,4,Summary event of the report's signatures.,DemoHost-08,Wazuh rule 60608: Summary event of the report's signatures.,edr
2025-09-25T12:30:12.976+01:00,3,Windows Logon Success,DemoHost-08,Wazuh rule 60106: Windows Logon Success,edr
2025-09-25T12:30:24.385+01:00,7,Listened ports status (netstat) changed (new port opened or closed).,DemoHost-02,Wazuh rule 533: Listened ports status (netstat) changed (new port opened or closed).,edr
2025-09-25T12:30:38.890+01:00,3,vsftpd: FTP session opened.,DemoHost-05,Wazuh rule 11401: vsftpd: FTP session opened.,edr
2025-09-25T12:31:06.824+01:00,3,Windows Logon Success,DemoHost-04,Wazuh rule 60106: Windows Logon Success,edr
2025-09-25T12:31:38.952+01:00,3,vsftpd: FTP session opened.,DemoHost-05,Wazuh rule 11401: vsftpd: FTP session opened.,edr
2025-09-25T12:32:01.396+01:00,3,Software protection service scheduled successfully.,DemoHost-04,Wazuh rule 60642: Software protection service scheduled successfully.,edr
2025-09-25T12:32:13.636+01:00,9,SCA summary: CIS benchmark for Debian/Linux 9 L2: Score less than 30% (6),DemoHost-12,Wazuh rule 19005: SCA summary: CIS benchmark for Debian/Linux 9 L2: Score less than 30% (6),edr
2025-09-25T12:32:27.371+01:00,5,Windows System error event,DemoHost-14,Wazuh rule 61102: Windows System error event,edr
2025-09-25T12:32:39.012+01:00,3,vsftpd: FTP session opened.,DemoHost-05,Wazuh rule 11401: vsftpd: FTP session opened.,edr
2025-09-25T12:32:42.221+01:00,7,CIS benchmark for Debian/Linux 9 L1: Ensure IPv6 default deny firewall policy,DemoHost-12,Wazuh rule 19007: CIS benchmark for Debian/Linux 9 L1: Ensure IPv6 default deny firewall policy,edr
2025-09-25T12:32:45.324+01:00,7,SCA summary: CIS benchmark for Debian/Linux 9 L1: Score less than 50% (36),DemoHost-12,Wazuh rule 19004: SCA summary: CIS benchmark for Debian/Linux 9 L1: Score less than 50% (36),edr
2025-09-25T12:32:45.356+01:00,7,CIS benchmark for Debian/Linux 9 L2: Ensure separate partition exists for /var,DemoHost-12,Wazuh rule 19007: CIS benchmark for Debian/Linux 9 L2: Ensure separate partition exists for /var,edr
2025-09-25T12:32:45.356+01:00,7,CIS benchmark for Debian/Linux 9 L2: Ensure separate partition exists for /var/log,DemoHost-12,Wazuh rule 19007: CIS benchmark for Debian/Linux 9 L2: Ensure separate partition exists for /var/log,edr
2025-09-25T12:32:45.356+01:00,7,CIS benchmark for Debian/Linux 9 L2: Ensure separate partition exists for /var/tmp,DemoHost-12,Wazuh rule 19007: CIS benchmark for Debian/Linux 9 L2: Ensure separate partition exists for /var/tmp,edr
2025-09-25T12:32:45.386+01:00,7,CIS benchmark for Debian/Linux 9 L2: Ensure separate partition exists for /var/log/audit,DemoHost-12,Wazuh rule 19007: CIS benchmark for Debian/Linux 9 L2: Ensure separate partition exists for /var/log/audit,edr
2025-09-25T12:32:45.387+01:00,3,CIS benchmark for Debian/Linux 9 L2: Disable Automounting,DemoHost-12,Wazuh rule 19008: CIS benchmark for Debian/Linux 9 L2: Disable Automounting,edr
2025-09-25T12:32:45.387+01:00,7,CIS benchmark for Debian/Linux 9 L2: Ensure separate partition exists for /home,DemoHost-12,Wazuh rule 19007: CIS benchmark for Debian/Linux 9 L2: Ensure separate partition exists for /home,edr
2025-09-25T12:32:45.417+01:00,3,CIS benchmark for Debian/Linux 9 L2: Ensure CUPS is not enabled,DemoHost-12,Wazuh rule 19008: CIS benchmark for Debian/Linux 9 L2: Ensure CUPS is not enabled,edr
2025-09-25T12:32:45.417+01:00,7,CIS benchmark for Debian/Linux 9 L2: Ensure SELinux or AppArmor are installed,DemoHost-12,Wazuh rule 19007: CIS benchmark for Debian/Linux 9 L2: Ensure SELinux or AppArmor are installed,edr
2025-09-25T12:32:45.417+01:00,7,CIS benchmark for Debian/Linux 9 L2: Ensure audit log storage size is configured,DemoHost-12,Wazuh rule 19007: CIS benchmark for Debian/Linux 9 L2: Ensure audit log storage size is configured,edr
2025-09-25T12:32:45.448+01:00,7,CIS benchmark for Debian/Linux 9 L2: Ensure auditd service is enabled,DemoHost-12,Wazuh rule 19007: CIS benchmark for Debian/Linux 9 L2: Ensure auditd service is enabled,edr
2025-09-25T12:32:45.448+01:00,7,CIS benchmark for Debian/Linux 9 L2: Ensure audit logs are not automatically deleted,DemoHost-12,Wazuh rule 19007: CIS benchmark for Debian/Linux 9 L2: Ensure audit logs are not automatically deleted,edr
2025-09-25T12:32:45.447+01:00,7,CIS benchmark for Debian/Linux 9 L2: Ensure system is disabled when audit logs are full,DemoHost-12,Wazuh rule 19007: CIS benchmark for Debian/Linux 9 L2: Ensure system is disabled when audit logs are full,edr
2025-09-25T12:32:45.468+01:00,7,CIS benchmark for Debian/Linux 9 L2: Ensure auditing for processes that start prior to auditd is enabled,DemoHost-12,Wazuh rule 19007: CIS benchmark for Debian/Linux 9 L2: Ensure auditing for processes that start prior to auditd is enabled,edr
2025-09-25T12:32:45.468+01:00,7,CIS benchmark for Debian/Linux 9 L2: Ensure events that modify date and time information are collected,DemoHost-12,Wazuh rule 19007: CIS benchmark for Debian/Linux 9 L2: Ensure events that modify date and time information are collected,edr
2025-09-25T12:32:45.489+01:00,7,CIS benchmark for Debian/Linux 9 L2: Ensure events that modify user/group information are collected,DemoHost-12,Wazuh rule 19007: CIS benchmark for Debian/Linux 9 L2: Ensure events that modify user/group information are collected,edr
2025-09-25T12:32:45.489+01:00,7,CIS benchmark for Debian/Linux 9 L2: Ensure events that modify the system's network environment are collected,DemoHost-12,Wazuh rule 19007: CIS benchmark for Debian/Linux 9 L2: Ensure events that modify the system's network environment are collected,edr
2025-09-25T12:32:45.519+01:00,7,CIS benchmark for Debian/Linux 9 L2: Ensure events that modify the system's Mandatory Access Controls are collected (AppArmor),DemoHost-12,Wazuh rule 19007: CIS benchmark for Debian/Linux 9 L2: Ensure events that modify the system's Mandatory Access Controls are collected (AppArmor),edr
2025-09-25T12:32:45.519+01:00,7,CIS benchmark for Debian/Linux 9 L2: Ensure login and logout events are collected,DemoHost-12,Wazuh rule 19007: CIS benchmark for Debian/Linux 9 L2: Ensure login and logout events are collected,edr
2025-09-25T12:32:45.519+01:00,7,CIS benchmark for Debian/Linux 9 L2: Ensure events that modify the system's Mandatory Access Controls are collected (SELinux),DemoHost-12,Wazuh rule 19007: CIS benchmark for Debian/Linux 9 L2: Ensure events that modify the system's Mandatory Access Controls are collected (SELinux),edr
2025-09-25T12:32:45.540+01:00,7,CIS benchmark for Debian/Linux 9 L2: Ensure session initiation information is collected,DemoHost-12,Wazuh rule 19007: CIS benchmark for Debian/Linux 9 L2: Ensure session initiation information is collected,edr
2025-09-25T12:32:45.540+01:00,7,CIS benchmark for Debian/Linux 9 L2: Ensure discretionary access control permission modification events are collected,DemoHost-12,Wazuh rule 19007: CIS benchmark for Debian/Linux 9 L2: Ensure discretionary access control permission modification events are collected,edr
2025-09-25T12:32:45.560+01:00,7,CIS benchmark for Debian/Linux 9 L2: Ensure unsuccessful unauthorized file access attempts are collected,DemoHost-12,Wazuh rule 19007: CIS benchmark for Debian/Linux 9 L2: Ensure unsuccessful unauthorized file access attempts are collected,edr
2025-09-25T12:32:45.560+01:00,7,CIS benchmark for Debian/Linux 9 L2: Ensure successful file system mounts are collected,DemoHost-12,Wazuh rule 19007: CIS benchmark for Debian/Linux 9 L2: Ensure successful file system mounts are collected,edr
2025-09-25T12:32:45.581+01:00,7,CIS benchmark for Debian/Linux 9 L2: Ensure changes to system administration scope (sudoers) is collected,DemoHost-12,Wazuh rule 19007: CIS benchmark for Debian/Linux 9 L2: Ensure changes to system administration scope (sudoers) is collected,edr
2025-09-25T12:32:45.580+01:00,7,CIS benchmark for Debian/Linux 9 L2: Ensure file deletion events by users are collected,DemoHost-12,Wazuh rule 19007: CIS benchmark for Debian/Linux 9 L2: Ensure file deletion events by users are collected,edr
2025-09-25T12:32:45.601+01:00,7,CIS benchmark for Debian/Linux 9 L2: Ensure system administrator actions (sudolog) are collected,DemoHost-12,Wazuh rule 19007: CIS benchmark for Debian/Linux 9 L2: Ensure system administrator actions (sudolog) are collected,edr
2025-09-25T12:32:45.601+01:00,7,CIS benchmark for Debian/Linux 9 L2: Ensure kernel module loading and unloading is collected,DemoHost-12,Wazuh rule 19007: CIS benchmark for Debian/Linux 9 L2: Ensure kernel module loading and unloading is collected,edr
2025-09-25T12:32:45.645+01:00,7,CIS benchmark for Debian/Linux 9 L2: Ensure SSH X11 forwarding is disabled,DemoHost-12,Wazuh rule 19007: CIS benchmark for Debian/Linux 9 L2: Ensure SSH X11 forwarding is disabled,edr
2025-09-25T12:32:45.645+01:00,7,CIS benchmark for Debian/Linux 9 L2: Ensure the audit configuration is immutable,DemoHost-12,Wazuh rule 19007: CIS benchmark for Debian/Linux 9 L2: Ensure the audit configuration is immutable,edr
2025-09-25T12:33:04.661+01:00,7,CIS benchmark for Debian/Linux 9 L1: Ensure mounting of freevxfs filesystems is disabled,DemoHost-12,Wazuh rule 19007: CIS benchmark for Debian/Linux 9 L1: Ensure mounting of freevxfs filesystems is disabled,edr
2025-09-25T12:33:04.691+01:00,7,CIS benchmark for Debian/Linux 9 L1: Ensure mounting of hfs filesystems is disabled,DemoHost-12,Wazuh rule 19007: CIS benchmark for Debian/Linux 9 L1: Ensure mounting of hfs filesystems is disabled,edr
2025-09-25T12:33:04.691+01:00,7,CIS benchmark for Debian/Linux 9 L1: Ensure mounting of jffs2 filesystems is disabled,DemoHost-12,Wazuh rule 19007: CIS benchmark for Debian/Linux 9 L1: Ensure mounting of jffs2 filesystems is disabled,edr
2025-09-25T12:33:04.692+01:00,7,CIS benchmark for Debian/Linux 9 L1: Ensure mounting of hfsplus filesystems is disabled,DemoHost-12,Wazuh rule 19007: CIS benchmark for Debian/Linux 9 L1: Ensure mounting of hfsplus filesystems is disabled,edr
2025-09-25T12:33:04.712+01:00,7,CIS benchmark for Debian/Linux 9 L1: Ensure /tmp is configured,DemoHost-12,Wazuh rule 19007: CIS benchmark for Debian/Linux 9 L1: Ensure /tmp is configured,edr
2025-09-25T12:33:04.712+01:00,7,CIS benchmark for Debian/Linux 9 L1: Ensure mounting of udf filesystems is disabled,DemoHost-12,Wazuh rule 19007: CIS benchmark for Debian/Linux 9 L1: Ensure mounting of udf filesystems is disabled,edr
2025-09-25T12:33:04.742+01:00,7,CIS benchmark for Debian/Linux 9 L1: Ensure nodev option set on /tmp partition,DemoHost-12,Wazuh rule 19007: CIS benchmark for Debian/Linux 9 L1: Ensure nodev option set on /tmp partition,edr
2025-09-25T12:33:04.742+01:00,7,CIS benchmark for Debian/Linux 9 L1: Ensure nosuid option set on /tmp partition,DemoHost-12,Wazuh rule 19007: CIS benchmark for Debian/Linux 9 L1: Ensure nosuid option set on /tmp partition,edr
2025-09-25T12:33:04.743+01:00,7,CIS benchmark for Debian/Linux 9 L1: Ensure nodev option set on /var/tmp partition,DemoHost-12,Wazuh rule 19007: CIS benchmark for Debian/Linux 9 L1: Ensure nodev option set on /var/tmp partition,edr
2025-09-25T12:33:04.774+01:00,7,CIS benchmark for Debian/Linux 9 L1: Ensure nosuid option set on /var/tmp partition,DemoHost-12,Wazuh rule 19007: CIS benchmark for Debian/Linux 9 L1: Ensure nosuid option set on /var/tmp partition,edr
2025-09-25T12:33:04.774+01:00,7,CIS benchmark for Debian/Linux 9 L1: Ensure noexec option set on /var/tmp partition,DemoHost-12,Wazuh rule 19007: CIS benchmark for Debian/Linux 9 L1: Ensure noexec option set on /var/tmp partition,edr
2025-09-25T12:33:04.774+01:00,7,CIS benchmark for Debian/Linux 9 L1: Ensure nodev option set on /home partition,DemoHost-12,Wazuh rule 19007: CIS benchmark for Debian/Linux 9 L1: Ensure nodev option set on /home partition,edr
2025-09-25T12:33:04.804+01:00,3,CIS benchmark for Debian/Linux 9 L1: Ensure nosuid option set on /dev/shm partition,DemoHost-12,Wazuh rule 19008: CIS benchmark for Debian/Linux 9 L1: Ensure nosuid option set on /dev/shm partition,edr
2025-09-25T12:33:04.804+01:00,7,CIS benchmark for Debian/Linux 9 L1: Ensure noexec option set on /dev/shm partition,DemoHost-12,Wazuh rule 19007: CIS benchmark for Debian/Linux 9 L1: Ensure noexec option set on /dev/shm partition,edr
2025-09-25T12:33:04.804+01:00,3,CIS benchmark for Debian/Linux 9 L1: Ensure nodev option set on /dev/shm partition,DemoHost-12,Wazuh rule 19008: CIS benchmark for Debian/Linux 9 L1: Ensure nodev option set on /dev/shm partition,edr
2025-09-25T12:33:04.834+01:00,3,CIS benchmark for Debian/Linux 9 L1: Disable Automounting,DemoHost-12,Wazuh rule 19008: CIS benchmark for Debian/Linux 9 L1: Disable Automounting,edr
2025-09-25T12:33:04.834+01:00,7,CIS benchmark for Debian/Linux 9 L1: Ensure AIDE is installed,DemoHost-12,Wazuh rule 19007: CIS benchmark for Debian/Linux 9 L1: Ensure AIDE is installed,edr
2025-09-25T12:33:04.834+01:00,7,CIS benchmark for Debian/Linux 9 L1: Ensure filesystem integrity is regularly checked,DemoHost-12,Wazuh rule 19007: CIS benchmark for Debian/Linux 9 L1: Ensure filesystem integrity is regularly checked,edr
2025-09-25T12:33:04.865+01:00,3,CIS benchmark for Debian/Linux 9 L1: Ensure authentication required for single user mode,DemoHost-12,Wazuh rule 19008: CIS benchmark for Debian/Linux 9 L1: Ensure authentication required for single user mode,edr
2025-09-25T12:33:04.865+01:00,7,CIS benchmark for Debian/Linux 9 L1: Ensure bootloader password is set,DemoHost-12,Wazuh rule 19007: CIS benchmark for Debian/Linux 9 L1: Ensure bootloader password is set,edr
2025-09-25T12:33:04.865+01:00,7,CIS benchmark for Debian/Linux 9 L1: Ensure core dumps are restricted,DemoHost-12,Wazuh rule 19007: CIS benchmark for Debian/Linux 9 L1: Ensure core dumps are restricted,edr
2025-09-25T12:33:04.885+01:00,7,CIS benchmark for Debian/Linux 9 L1: Ensure address space layout randomization (ASLR) is enabled,DemoHost-12,Wazuh rule 19007: CIS benchmark for Debian/Linux 9 L1: Ensure address space layout randomization (ASLR) is enabled,edr
2025-09-25T12:33:04.886+01:00,7,CIS benchmark for Debian/Linux 9 L1: Ensure local login warning banner is configured properly,DemoHost-12,Wazuh rule 19007: CIS benchmark for Debian/Linux 9 L1: Ensure local login warning banner is configured properly,edr
2025-09-25T12:33:04.916+01:00,3,CIS benchmark for Debian/Linux 9 L1: Ensure xinetd is not installed,DemoHost-12,Wazuh rule 19008: CIS benchmark for Debian/Linux 9 L1: Ensure xinetd is not installed,edr
2025-09-25T12:33:04.916+01:00,3,CIS benchmark for Debian/Linux 9 L1: Ensure openbsd-inetd is not installed,DemoHost-12,Wazuh rule 19008: CIS benchmark for Debian/Linux 9 L1: Ensure openbsd-inetd is not installed,edr
2025-09-25T12:33:04.916+01:00,3,CIS benchmark for Debian/Linux 9 L1: Ensure GDM login banner is configured,DemoHost-12,Wazuh rule 19009: CIS benchmark for Debian/Linux 9 L1: Ensure GDM login banner is configured,edr
2025-09-25T12:33:04.936+01:00,3,CIS benchmark for Debian/Linux 9 L1: Ensure chrony is configured,DemoHost-12,Wazuh rule 19009: CIS benchmark for Debian/Linux 9 L1: Ensure chrony is configured,edr
2025-09-25T12:33:04.936+01:00,3,CIS benchmark for Debian/Linux 9 L1: Ensure ntp is configured,DemoHost-12,Wazuh rule 19009: CIS benchmark for Debian/Linux 9 L1: Ensure ntp is configured,edr
2025-09-25T12:33:04.967+01:00,3,CIS benchmark for Debian/Linux 9 L1: Ensure Avahi Server is not enabled,DemoHost-12,Wazuh rule 19008: CIS benchmark for Debian/Linux 9 L1: Ensure Avahi Server is not enabled,edr
2025-09-25T12:33:04.967+01:00,3,CIS benchmark for Debian/Linux 9 L1: Ensure DHCP Server is not enabled,DemoHost-12,Wazuh rule 19008: CIS benchmark for Debian/Linux 9 L1: Ensure DHCP Server is not enabled,edr
2025-09-25T12:33:04.967+01:00,3,CIS benchmark for Debian/Linux 9 L1: Ensure CUPS is not enabled,DemoHost-12,Wazuh rule 19008: CIS benchmark for Debian/Linux 9 L1: Ensure CUPS is not enabled,edr
2025-09-25T12:33:04.997+01:00,3,CIS benchmark for Debian/Linux 9 L1: Ensure NFS and RPC are not enabled,DemoHost-12,Wazuh rule 19008: CIS benchmark for Debian/Linux 9 L1: Ensure NFS and RPC are not enabled,edr
2025-09-25T12:33:04.997+01:00,3,CIS benchmark for Debian/Linux 9 L1: Ensure LDAP server is not enabled,DemoHost-12,Wazuh rule 19008: CIS benchmark for Debian/Linux 9 L1: Ensure LDAP server is not enabled,edr
2025-09-25T12:33:04.998+01:00,3,CIS benchmark for Debian/Linux 9 L1: Ensure DNS Server is not enabled,DemoHost-12,Wazuh rule 19008: CIS benchmark for Debian/Linux 9 L1: Ensure DNS Server is not enabled,edr
2025-09-25T12:33:05.028+01:00,3,CIS benchmark for Debian/Linux 9 L1: Ensure FTP Server is not enabled,DemoHost-12,Wazuh rule 19008: CIS benchmark for Debian/Linux 9 L1: Ensure FTP Server is not enabled,edr
2025-09-25T12:33:05.028+01:00,3,CIS benchmark for Debian/Linux 9 L1: Ensure HTTP Server is not enabled,DemoHost-12,Wazuh rule 19008: CIS benchmark for Debian/Linux 9 L1: Ensure HTTP Server is not enabled,edr
2025-09-25T12:33:05.028+01:00,3,CIS benchmark for Debian/Linux 9 L1: Ensure IMAP and POP3 server is not enabled,DemoHost-12,Wazuh rule 19008: CIS benchmark for Debian/Linux 9 L1: Ensure IMAP and POP3 server is not enabled,edr
2025-09-25T12:33:05.038+01:00,3,CIS benchmark for Debian/Linux 9 L1: Ensure Samba is not enabled,DemoHost-12,Wazuh rule 19008: CIS benchmark for Debian/Linux 9 L1: Ensure Samba is not enabled,edr
2025-09-25T12:33:05.069+01:00,3,CIS benchmark for Debian/Linux 9 L1: Ensure HTTP Proxy Server is not enabled,DemoHost-12,Wazuh rule 19008: CIS benchmark for Debian/Linux 9 L1: Ensure HTTP Proxy Server is not enabled,edr
2025-09-25T12:33:05.069+01:00,3,CIS benchmark for Debian/Linux 9 L1: Ensure SNMP Server is not enabled,DemoHost-12,Wazuh rule 19008: CIS benchmark for Debian/Linux 9 L1: Ensure SNMP Server is not enabled,edr
2025-09-25T12:33:05.069+01:00,3,CIS benchmark for Debian/Linux 9 L1: Ensure rsync service is not enabled,DemoHost-12,Wazuh rule 19008: CIS benchmark for Debian/Linux 9 L1: Ensure rsync service is not enabled,edr
2025-09-25T12:33:05.100+01:00,3,CIS benchmark for Debian/Linux 9 L1: Ensure NIS Client is not installed,DemoHost-12,Wazuh rule 19008: CIS benchmark for Debian/Linux 9 L1: Ensure NIS Client is not installed,edr
2025-09-25T12:33:05.100+01:00,3,CIS benchmark for Debian/Linux 9 L1: Ensure rsh client is not installed,DemoHost-12,Wazuh rule 19008: CIS benchmark for Debian/Linux 9 L1: Ensure rsh client is not installed,edr
2025-09-25T12:33:05.100+01:00,3,CIS benchmark for Debian/Linux 9 L1: Ensure NIS Server is not enabled,DemoHost-12,Wazuh rule 19008: CIS benchmark for Debian/Linux 9 L1: Ensure NIS Server is not enabled,edr
2025-09-25T12:33:05.130+01:00,3,CIS benchmark for Debian/Linux 9 L1: Ensure talk client is not installed,DemoHost-12,Wazuh rule 19008: CIS benchmark for Debian/Linux 9 L1: Ensure talk client is not installed,edr
2025-09-25T12:33:05.131+01:00,3,CIS benchmark for Debian/Linux 9 L1: Ensure telnet client is not installed,DemoHost-12,Wazuh rule 19008: CIS benchmark for Debian/Linux 9 L1: Ensure telnet client is not installed,edr
2025-09-25T12:33:05.131+01:00,7,CIS benchmark for Debian/Linux 9 L1: Ensure IP forwarding is disabled,DemoHost-12,Wazuh rule 19007: CIS benchmark for Debian/Linux 9 L1: Ensure IP forwarding is disabled,edr
2025-09-25T12:33:05.151+01:00,7,CIS benchmark for Debian/Linux 9 L1: Ensure packet redirect sending is disabled,DemoHost-12,Wazuh rule 19007: CIS benchmark for Debian/Linux 9 L1: Ensure packet redirect sending is disabled,edr
2025-09-25T12:33:05.151+01:00,7,CIS benchmark for Debian/Linux 9 L1: Ensure source routed packets are not accepted,DemoHost-12,Wazuh rule 19007: CIS benchmark for Debian/Linux 9 L1: Ensure source routed packets are not accepted,edr
2025-09-25T12:33:05.171+01:00,7,CIS benchmark for Debian/Linux 9 L1: Ensure secure ICMP redirects are not accepted,DemoHost-12,Wazuh rule 19007: CIS benchmark for Debian/Linux 9 L1: Ensure secure ICMP redirects are not accepted,edr
2025-09-25T12:33:05.171+01:00,7,CIS benchmark for Debian/Linux 9 L1: Ensure ICMP redirects are not accepted,DemoHost-12,Wazuh rule 19007: CIS benchmark for Debian/Linux 9 L1: Ensure ICMP redirects are not accepted,edr
2025-09-25T12:33:05.192+01:00,7,CIS benchmark for Debian/Linux 9 L1: Ensure broadcast ICMP requests are ignored,DemoHost-12,Wazuh rule 19007: CIS benchmark for Debian/Linux 9 L1: Ensure broadcast ICMP requests are ignored,edr
2025-09-25T12:33:05.191+01:00,7,CIS benchmark for Debian/Linux 9 L1: Ensure suspicious packets are logged,DemoHost-12,Wazuh rule 19007: CIS benchmark for Debian/Linux 9 L1: Ensure suspicious packets are logged,edr
2025-09-25T12:33:05.212+01:00,7,CIS benchmark for Debian/Linux 9 L1: Ensure bogus ICMP responses are ignored,DemoHost-12,Wazuh rule 19007: CIS benchmark for Debian/Linux 9 L1: Ensure bogus ICMP responses are ignored,edr
2025-09-25T12:33:05.213+01:00,7,CIS benchmark for Debian/Linux 9 L1: Ensure Reverse Path Filtering is enabled,DemoHost-12,Wazuh rule 19007: CIS benchmark for Debian/Linux 9 L1: Ensure Reverse Path Filtering is enabled,edr
2025-09-25T12:33:05.232+01:00,7,CIS benchmark for Debian/Linux 9 L1: Ensure TCP SYN Cookies is enabled,DemoHost-12,Wazuh rule 19007: CIS benchmark for Debian/Linux 9 L1: Ensure TCP SYN Cookies is enabled,edr
2025-09-25T12:33:05.233+01:00,7,CIS benchmark for Debian/Linux 9 L1: Ensure IPv6 router advertisements are not accepted,DemoHost-12,Wazuh rule 19007: CIS benchmark for Debian/Linux 9 L1: Ensure IPv6 router advertisements are not accepted,edr
2025-09-25T12:33:05.263+01:00,3,CIS benchmark for Debian/Linux 9 L1: Ensure /etc/hosts.allow is configured,DemoHost-12,Wazuh rule 19008: CIS benchmark for Debian/Linux 9 L1: Ensure /etc/hosts.allow is configured,edr
2025-09-25T12:33:05.263+01:00,7,CIS benchmark for Debian/Linux 9 L1: Ensure /etc/hosts.deny is configured,DemoHost-12,Wazuh rule 19007: CIS benchmark for Debian/Linux 9 L1: Ensure /etc/hosts.deny is configured,edr
2025-09-25T12:33:05.263+01:00,7,CIS benchmark for Debian/Linux 9 L1: Ensure DCCP is disabled,DemoHost-12,Wazuh rule 19007: CIS benchmark for Debian/Linux 9 L1: Ensure DCCP is disabled,edr
2025-09-25T12:33:05.294+01:00,7,CIS benchmark for Debian/Linux 9 L1: Ensure RDS is disabled,DemoHost-12,Wazuh rule 19007: CIS benchmark for Debian/Linux 9 L1: Ensure RDS is disabled,edr
2025-09-25T12:33:05.294+01:00,7,CIS benchmark for Debian/Linux 9 L1: Ensure TIPC is disabled,DemoHost-12,Wazuh rule 19007: CIS benchmark for Debian/Linux 9 L1: Ensure TIPC is disabled,edr
2025-09-25T12:33:05.294+01:00,7,CIS benchmark for Debian/Linux 9 L1: Ensure SCTP is disabled,DemoHost-12,Wazuh rule 19007: CIS benchmark for Debian/Linux 9 L1: Ensure SCTP is disabled,edr
2025-09-25T12:33:05.325+01:00,3,CIS benchmark for Debian/Linux 9 L1: Ensure iptables is installed,DemoHost-12,Wazuh rule 19008: CIS benchmark for Debian/Linux 9 L1: Ensure iptables is installed,edr
2025-09-25T12:33:05.325+01:00,7,CIS benchmark for Debian/Linux 9 L1: Ensure default deny firewall policy,DemoHost-12,Wazuh rule 19007: CIS benchmark for Debian/Linux 9 L1: Ensure default deny firewall policy,edr
2025-09-25T12:33:05.355+01:00,7,CIS benchmark for Debian/Linux 9 L1: Ensure rsyslog is configured to send logs to a remote log host,DemoHost-12,Wazuh rule 19007: CIS benchmark for Debian/Linux 9 L1: Ensure rsyslog is configured to send logs to a remote log host,edr
2025-09-25T12:33:05.355+01:00,7,CIS benchmark for Debian/Linux 9 L1: Ensure remote rsyslog messages are only accepted on designated log hosts,DemoHost-12,Wazuh rule 19007: CIS benchmark for Debian/Linux 9 L1: Ensure remote rsyslog messages are only accepted on designated log hosts,edr
2025-09-25T12:33:05.355+01:00,7,CIS benchmark for Debian/Linux 9 L1: Ensure rsyslog Service is enabled,DemoHost-12,Wazuh rule 19007: CIS benchmark for Debian/Linux 9 L1: Ensure rsyslog Service is enabled,edr
2025-09-25T12:33:05.385+01:00,3,CIS benchmark for Debian/Linux 9 L1: Ensure cron daemon is enabled,DemoHost-12,Wazuh rule 19008: CIS benchmark for Debian/Linux 9 L1: Ensure cron daemon is enabled,edr
2025-09-25T12:33:05.386+01:00,7,CIS benchmark for Debian/Linux 9 L1: Ensure permissions on /etc/ssh/sshd_config are configured,DemoHost-12,Wazuh rule 19007: CIS benchmark for Debian/Linux 9 L1: Ensure permissions on /etc/ssh/sshd_config are configured,edr
2025-09-25T12:33:05.385+01:00,7,CIS benchmark for Debian/Linux 9 L1: Ensure at/cron is restricted to authorized users,DemoHost-12,Wazuh rule 19007: CIS benchmark for Debian/Linux 9 L1: Ensure at/cron is restricted to authorized users,edr
2025-09-25T12:33:05.416+01:00,7,CIS benchmark for Debian/Linux 9 L1: Ensure SSH Protocol is set to 2,DemoHost-12,Wazuh rule 19007: CIS benchmark for Debian/Linux 9 L1: Ensure SSH Protocol is set to 2,edr
2025-09-25T12:33:05.416+01:00,7,CIS benchmark for Debian/Linux 9 L1: Ensure SSH LogLevel is appropriate,DemoHost-12,Wazuh rule 19007: CIS benchmark for Debian/Linux 9 L1: Ensure SSH LogLevel is appropriate,edr
2025-09-25T12:33:05.416+01:00,7,CIS benchmark for Debian/Linux 9 L1: Ensure SSH X11 forwarding is disabled,DemoHost-12,Wazuh rule 19007: CIS benchmark for Debian/Linux 9 L1: Ensure SSH X11 forwarding is disabled,edr
2025-09-25T12:33:05.447+01:00,7,CIS benchmark for Debian/Linux 9 L1: Ensure SSH MaxAuthTries is set to 4 or less,DemoHost-12,Wazuh rule 19007: CIS benchmark for Debian/Linux 9 L1: Ensure SSH MaxAuthTries is set to 4 or less,edr
2025-09-25T12:33:05.447+01:00,7,CIS benchmark for Debian/Linux 9 L1: Ensure SSH HostbasedAuthentication is disabled,DemoHost-12,Wazuh rule 19007: CIS benchmark for Debian/Linux 9 L1: Ensure SSH HostbasedAuthentication is disabled,edr
2025-09-25T12:33:05.447+01:00,7,CIS benchmark for Debian/Linux 9 L1: Ensure SSH IgnoreRhosts is enabled,DemoHost-12,Wazuh rule 19007: CIS benchmark for Debian/Linux 9 L1: Ensure SSH IgnoreRhosts is enabled,edr
2025-09-25T12:33:05.478+01:00,7,CIS benchmark for Debian/Linux 9 L1: Ensure SSH PermitUserEnvironment is disabled,DemoHost-12,Wazuh rule 19007: CIS benchmark for Debian/Linux 9 L1: Ensure SSH PermitUserEnvironment is disabled,edr
2025-09-25T12:33:05.478+01:00,7,CIS benchmark for Debian/Linux 9 L1: Ensure SSH PermitEmptyPasswords is disabled,DemoHost-12,Wazuh rule 19007: CIS benchmark for Debian/Linux 9 L1: Ensure SSH PermitEmptyPasswords is disabled,edr
2025-09-25T12:33:05.478+01:00,7,CIS benchmark for Debian/Linux 9 L1: Ensure SSH root login is disabled,DemoHost-12,Wazuh rule 19007: CIS benchmark for Debian/Linux 9 L1: Ensure SSH root login is disabled,edr
2025-09-25T12:33:05.498+01:00,7,CIS benchmark for Debian/Linux 9 L1: Ensure SSH access is limited,DemoHost-12,Wazuh rule 19007: CIS benchmark for Debian/Linux 9 L1: Ensure SSH access is limited,edr
2025-09-25T12:33:05.498+01:00,7,CIS benchmark for Debian/Linux 9 L1: Ensure SSH Idle Timeout Interval is configured,DemoHost-12,Wazuh rule 19007: CIS benchmark for Debian/Linux 9 L1: Ensure SSH Idle Timeout Interval is configured,edr
2025-09-25T12:33:05.519+01:00,7,CIS benchmark for Debian/Linux 9 L1: Ensure SSH warning banner is configured,DemoHost-12,Wazuh rule 19007: CIS benchmark for Debian/Linux 9 L1: Ensure SSH warning banner is configured,edr
2025-09-25T12:33:05.519+01:00,7,CIS benchmark for Debian/Linux 9 L1: Ensure password creation requirements are configured,DemoHost-12,Wazuh rule 19007: CIS benchmark for Debian/Linux 9 L1: Ensure password creation requirements are configured,edr
2025-09-25T12:33:05.539+01:00,7,CIS benchmark for Debian/Linux 9 L1: Ensure lockout for failed password attempts is configured,DemoHost-12,Wazuh rule 19007: CIS benchmark for Debian/Linux 9 L1: Ensure lockout for failed password attempts is configured,edr
2025-09-25T12:33:05.539+01:00,7,CIS benchmark for Debian/Linux 9 L1: Ensure password reuse is limited,DemoHost-12,Wazuh rule 19007: CIS benchmark for Debian/Linux 9 L1: Ensure password reuse is limited,edr
2025-09-25T12:33:05.559+01:00,7,CIS benchmark for Debian/Linux 9 L1: Ensure password expiration is 365 days or less,DemoHost-12,Wazuh rule 19007: CIS benchmark for Debian/Linux 9 L1: Ensure password expiration is 365 days or less,edr
2025-09-25T12:33:05.559+01:00,7,CIS benchmark for Debian/Linux 9 L1: Ensure minimum days between password changes is 7 or more,DemoHost-12,Wazuh rule 19007: CIS benchmark for Debian/Linux 9 L1: Ensure minimum days between password changes is 7 or more,edr
2025-09-25T12:33:05.590+01:00,3,CIS benchmark for Debian/Linux 9 L1: Ensure password expiration warning days is 7 or more,DemoHost-12,Wazuh rule 19008: CIS benchmark for Debian/Linux 9 L1: Ensure password expiration warning days is 7 or more,edr
2025-09-25T12:33:05.590+01:00,7,CIS benchmark for Debian/Linux 9 L1: Ensure inactive password lock is 30 days or less,DemoHost-12,Wazuh rule 19007: CIS benchmark for Debian/Linux 9 L1: Ensure inactive password lock is 30 days or less,edr
2025-09-25T12:33:05.590+01:00,3,CIS benchmark for Debian/Linux 9 L1: Ensure default group for the root account is GID 0,DemoHost-12,Wazuh rule 19008: CIS benchmark for Debian/Linux 9 L1: Ensure default group for the root account is GID 0,edr
2025-09-25T12:33:05.621+01:00,3,CIS benchmark for Debian/Linux 9 L1: Ensure password fields are not empty,DemoHost-12,Wazuh rule 19008: CIS benchmark for Debian/Linux 9 L1: Ensure password fields are not empty,edr
2025-09-25T12:33:05.621+01:00,3,"CIS benchmark for Debian/Linux 9 L1: Ensure no legacy ""+"" entries exist in /etc/passwd",DemoHost-12,"Wazuh rule 19008: CIS benchmark for Debian/Linux 9 L1: Ensure no legacy ""+"" entries exist in /etc/passwd",edr
2025-09-25T12:33:05.621+01:00,7,CIS benchmark for Debian/Linux 9 L1: Ensure access to the su command is restricted,DemoHost-12,Wazuh rule 19007: CIS benchmark for Debian/Linux 9 L1: Ensure access to the su command is restricted,edr
2025-09-25T12:33:05.651+01:00,3,"CIS benchmark for Debian/Linux 9 L1: Ensure no legacy ""+"" entries exist in /etc/shadow",DemoHost-12,"Wazuh rule 19008: CIS benchmark for Debian/Linux 9 L1: Ensure no legacy ""+"" entries exist in /etc/shadow",edr
2025-09-25T12:33:05.651+01:00,3,"CIS benchmark for Debian/Linux 9 L1: Ensure no legacy ""+"" entries exist in /etc/group",DemoHost-12,"Wazuh rule 19008: CIS benchmark for Debian/Linux 9 L1: Ensure no legacy ""+"" entries exist in /etc/group",edr
2025-09-25T12:33:05.651+01:00,3,CIS benchmark for Debian/Linux 9 L1: Ensure root is the only UID 0 account,DemoHost-12,Wazuh rule 19008: CIS benchmark for Debian/Linux 9 L1: Ensure root is the only UID 0 account,edr
2025-09-25T12:33:05.693+01:00,3,CIS benchmark for Debian/Linux 9 L1: Ensure shadow group is empty,DemoHost-12,Wazuh rule 19008: CIS benchmark for Debian/Linux 9 L1: Ensure shadow group is empty,edr
2025-09-25T12:33:10.460+01:00,6,"Successful Remote Logon Detected - User:\ANONYMOUS LOGON - NTLM authentication, possible pass-the-hash attack - Possible RDP connection. Verify that ACCOUNTING-WS is allowed to perform RDP connections",DemoHost-15,"Wazuh rule 92657: Successful Remote Logon Detected - User:\ANONYMOUS LOGON - NTLM authentication, possible pass-the-hash attack - Possible RDP connection. Verify that ACCOUNTING-WS is allowed to perform RDP connections",edr
2025-09-25T12:33:10.462+01:00,6,"Successful Remote Logon Detected - User:\ANONYMOUS LOGON - NTLM authentication, possible pass-the-hash attack - Possible RDP connection. Verify that ACCOUNTING-WS is allowed to perform RDP connections",DemoHost-15,"Wazuh rule 92657: Successful Remote Logon Detected - User:\ANONYMOUS LOGON - NTLM authentication, possible pass-the-hash attack - Possible RDP connection. Verify that ACCOUNTING-WS is allowed to perform RDP connections",edr
2025-09-25T12:33:21.275+01:00,3,Service startup type was changed,DemoHost-06,Wazuh rule 61104: Service startup type was changed,edr
2025-09-25T12:33:24.460+01:00,3,Windows User Logoff,DemoHost-15,Wazuh rule 60137: Windows User Logoff,edr
2025-09-25T12:33:24.501+01:00,3,Windows User Logoff,DemoHost-15,Wazuh rule 60137: Windows User Logoff,edr
2025-09-25T12:33:27.629+01:00,5,Windows System error event,DemoHost-08,Wazuh rule 61102: Windows System error event,edr
2025-09-25T12:33:39.071+01:00,3,vsftpd: FTP session opened.,DemoHost-05,Wazuh rule 11401: vsftpd: FTP session opened.,edr
2025-09-25T12:33:41.399+01:00,6,sshd: insecure connection attempt (scan).,DemoHost-11,Wazuh rule 5706: sshd: insecure connection attempt (scan).,edr
2025-09-25T12:34:06.968+01:00,3,Software protection service scheduled successfully.,DemoHost-01,Wazuh rule 60642: Software protection service scheduled successfully.,edr
2025-09-25T12:34:09.445+01:00,5,PAM: User login failed.,DemoHost-11,Wazuh rule 5503: PAM: User login failed.,edr
2025-09-25T12:34:09.445+01:00,5,PAM: User login failed.,DemoHost-11,Wazuh rule 5503: PAM: User login failed.,edr
2025-09-25T12:34:09.445+01:00,5,PAM: User login failed.,DemoHost-11,Wazuh rule 5503: PAM: User login failed.,edr
2025-09-25T12:34:09.445+01:00,5,PAM: User login failed.,DemoHost-11,Wazuh rule 5503: PAM: User login failed.,edr
2025-09-25T12:34:09.445+01:00,5,PAM: User login failed.,DemoHost-11,Wazuh rule 5503: PAM: User login failed.,edr
2025-09-25T12:34:09.445+01:00,5,PAM: User login failed.,DemoHost-11,Wazuh rule 5503: PAM: User login failed.,edr
2025-09-25T12:34:09.445+01:00,5,PAM: User login failed.,DemoHost-11,Wazuh rule 5503: PAM: User login failed.,edr
2025-09-25T12:34:09.462+01:00,10,PAM: Multiple failed logins in a small period of time.,DemoHost-11,Wazuh rule 5551: PAM: Multiple failed logins in a small period of time.,edr
2025-09-25T12:34:09.462+01:00,5,PAM: User login failed.,DemoHost-11,Wazuh rule 5503: PAM: User login failed.,edr
2025-09-25T12:34:09.462+01:00,5,PAM: User login failed.,DemoHost-11,Wazuh rule 5503: PAM: User login failed.,edr
2025-09-25T12:34:09.462+01:00,5,PAM: User login failed.,DemoHost-11,Wazuh rule 5503: PAM: User login failed.,edr
2025-09-25T12:34:09.462+01:00,5,PAM: User login failed.,DemoHost-11,Wazuh rule 5503: PAM: User login failed.,edr
2025-09-25T12:34:09.462+01:00,5,PAM: User login failed.,DemoHost-11,Wazuh rule 5503: PAM: User login failed.,edr
2025-09-25T12:34:09.462+01:00,5,PAM: User login failed.,DemoHost-11,Wazuh rule 5503: PAM: User login failed.,edr
2025-09-25T12:34:09.462+01:00,5,PAM: User login failed.,DemoHost-11,Wazuh rule 5503: PAM: User login failed.,edr
2025-09-25T12:34:09.505+01:00,10,PAM: Multiple failed logins in a small period of time.,DemoHost-11,Wazuh rule 5551: PAM: Multiple failed logins in a small period of time.,edr
2025-09-25T12:34:11.432+01:00,5,sshd: authentication failed.,DemoHost-11,Wazuh rule 5760: sshd: authentication failed.,edr
2025-09-25T12:34:11.432+01:00,5,sshd: authentication failed.,DemoHost-11,Wazuh rule 5760: sshd: authentication failed.,edr
2025-09-25T12:34:11.434+01:00,5,sshd: authentication failed.,DemoHost-11,Wazuh rule 5760: sshd: authentication failed.,edr
2025-09-25T12:34:11.436+01:00,5,sshd: authentication failed.,DemoHost-11,Wazuh rule 5760: sshd: authentication failed.,edr
2025-09-25T12:34:11.438+01:00,5,sshd: authentication failed.,DemoHost-11,Wazuh rule 5760: sshd: authentication failed.,edr
2025-09-25T12:34:11.440+01:00,5,sshd: authentication failed.,DemoHost-11,Wazuh rule 5760: sshd: authentication failed.,edr
2025-09-25T12:34:11.443+01:00,5,sshd: authentication failed.,DemoHost-11,Wazuh rule 5760: sshd: authentication failed.,edr
2025-09-25T12:34:11.445+01:00,10,sshd: brute force trying to get access to the system. Authentication failed.,DemoHost-11,Wazuh rule 5763: sshd: brute force trying to get access to the system. Authentication failed.,edr
2025-09-25T12:34:11.447+01:00,5,sshd: authentication failed.,DemoHost-11,Wazuh rule 5760: sshd: authentication failed.,edr
2025-09-25T12:34:11.449+01:00,5,sshd: authentication failed.,DemoHost-11,Wazuh rule 5760: sshd: authentication failed.,edr
2025-09-25T12:34:11.451+01:00,5,sshd: authentication failed.,DemoHost-11,Wazuh rule 5760: sshd: authentication failed.,edr
2025-09-25T12:34:11.453+01:00,5,sshd: authentication failed.,DemoHost-11,Wazuh rule 5760: sshd: authentication failed.,edr
2025-09-25T12:34:11.455+01:00,5,sshd: authentication failed.,DemoHost-11,Wazuh rule 5760: sshd: authentication failed.,edr
2025-09-25T12:34:11.457+01:00,5,sshd: authentication failed.,DemoHost-11,Wazuh rule 5760: sshd: authentication failed.,edr
2025-09-25T12:34:11.460+01:00,5,sshd: authentication failed.,DemoHost-11,Wazuh rule 5760: sshd: authentication failed.,edr
2025-09-25T12:34:11.462+01:00,5,sshd: authentication failed.,DemoHost-11,Wazuh rule 5760: sshd: authentication failed.,edr
2025-09-25T12:34:39.129+01:00,3,vsftpd: FTP session opened.,DemoHost-05,Wazuh rule 11401: vsftpd: FTP session opened.,edr
2025-09-25T12:35:00.382+01:00,7,Integrity checksum changed.,DemoHost-06,Wazuh rule 550: Integrity checksum changed.,edr
2025-09-25T12:35:12.034+01:00,9,Windows application error event.,DemoHost-08,Wazuh rule 60602: Windows application error event.,edr
2025-09-25T12:35:12.104+01:00,4,Summary event of the report's signatures.,DemoHost-08,Wazuh rule 60608: Summary event of the report's signatures.,edr
2025-09-25T12:35:12.960+01:00,3,Windows Logon Success,DemoHost-08,Wazuh rule 60106: Windows Logon Success,edr
2025-09-25T12:35:15.939+01:00,5,sshd: Attempt to login using a non-existent user,DemoHost-11,Wazuh rule 5710: sshd: Attempt to login using a non-existent user,edr
2025-09-25T12:35:15.958+01:00,5,sshd: Attempt to login using a non-existent user,DemoHost-11,Wazuh rule 5710: sshd: Attempt to login using a non-existent user,edr
2025-09-25T12:35:15.958+01:00,5,sshd: Attempt to login using a non-existent user,DemoHost-11,Wazuh rule 5710: sshd: Attempt to login using a non-existent user,edr
2025-09-25T12:35:15.959+01:00,5,sshd: Attempt to login using a non-existent user,DemoHost-11,Wazuh rule 5710: sshd: Attempt to login using a non-existent user,edr
2025-09-25T12:35:15.959+01:00,5,sshd: Attempt to login using a non-existent user,DemoHost-11,Wazuh rule 5710: sshd: Attempt to login using a non-existent user,edr
2025-09-25T12:35:15.958+01:00,5,sshd: Attempt to login using a non-existent user,DemoHost-11,Wazuh rule 5710: sshd: Attempt to login using a non-existent user,edr
2025-09-25T12:35:15.958+01:00,5,sshd: Attempt to login using a non-existent user,DemoHost-11,Wazuh rule 5710: sshd: Attempt to login using a non-existent user,edr
2025-09-25T12:35:15.959+01:00,10,sshd: brute force trying to get access to the system. Non existent user.,DemoHost-11,Wazuh rule 5712: sshd: brute force trying to get access to the system. Non existent user.,edr
2025-09-25T12:35:15.977+01:00,5,sshd: Attempt to login using a non-existent user,DemoHost-11,Wazuh rule 5710: sshd: Attempt to login using a non-existent user,edr
2025-09-25T12:35:15.978+01:00,5,sshd: Attempt to login using a non-existent user,DemoHost-11,Wazuh rule 5710: sshd: Attempt to login using a non-existent user,edr
2025-09-25T12:35:15.978+01:00,5,sshd: Attempt to login using a non-existent user,DemoHost-11,Wazuh rule 5710: sshd: Attempt to login using a non-existent user,edr
2025-09-25T12:35:15.978+01:00,5,sshd: Attempt to login using a non-existent user,DemoHost-11,Wazuh rule 5710: sshd: Attempt to login using a non-existent user,edr
2025-09-25T12:35:15.999+01:00,5,sshd: Attempt to login using a non-existent user,DemoHost-11,Wazuh rule 5710: sshd: Attempt to login using a non-existent user,edr
2025-09-25T12:35:16.016+01:00,5,sshd: Attempt to login using a non-existent user,DemoHost-11,Wazuh rule 5710: sshd: Attempt to login using a non-existent user,edr
2025-09-25T12:35:16.016+01:00,5,sshd: Attempt to login using a non-existent user,DemoHost-11,Wazuh rule 5710: sshd: Attempt to login using a non-existent user,edr
2025-09-25T12:35:16.016+01:00,5,sshd: Attempt to login using a non-existent user,DemoHost-11,Wazuh rule 5710: sshd: Attempt to login using a non-existent user,edr
2025-09-25T12:35:16.016+01:00,5,sshd: Attempt to login using a non-existent user,DemoHost-11,Wazuh rule 5710: sshd: Attempt to login using a non-existent user,edr
2025-09-25T12:35:16.016+01:00,5,sshd: Attempt to login using a non-existent user,DemoHost-11,Wazuh rule 5710: sshd: Attempt to login using a non-existent user,edr
2025-09-25T12:35:16.016+01:00,5,sshd: Attempt to login using a non-existent user,DemoHost-11,Wazuh rule 5710: sshd: Attempt to login using a non-existent user,edr
2025-09-25T12:35:16.016+01:00,5,sshd: Attempt to login using a non-existent user,DemoHost-11,Wazuh rule 5710: sshd: Attempt to login using a non-existent user,edr
2025-09-25T12:35:16.016+01:00,5,sshd: Attempt to login using a non-existent user,DemoHost-11,Wazuh rule 5710: sshd: Attempt to login using a non-existent user,edr
2025-09-25T12:35:16.035+01:00,5,sshd: Attempt to login using a non-existent user,DemoHost-11,Wazuh rule 5710: sshd: Attempt to login using a non-existent user,edr
2025-09-25T12:35:16.035+01:00,5,sshd: Attempt to login using a non-existent user,DemoHost-11,Wazuh rule 5710: sshd: Attempt to login using a non-existent user,edr
2025-09-25T12:35:16.035+01:00,5,sshd: Attempt to login using a non-existent user,DemoHost-11,Wazuh rule 5710: sshd: Attempt to login using a non-existent user,edr
2025-09-25T12:35:16.054+01:00,5,sshd: Attempt to login using a non-existent user,DemoHost-11,Wazuh rule 5710: sshd: Attempt to login using a non-existent user,edr
2025-09-25T12:35:16.054+01:00,5,sshd: Attempt to login using a non-existent user,DemoHost-11,Wazuh rule 5710: sshd: Attempt to login using a non-existent user,edr
2025-09-25T12:35:16.055+01:00,5,sshd: Attempt to login using a non-existent user,DemoHost-11,Wazuh rule 5710: sshd: Attempt to login using a non-existent user,edr
2025-09-25T12:35:16.073+01:00,5,sshd: Attempt to login using a non-existent user,DemoHost-11,Wazuh rule 5710: sshd: Attempt to login using a non-existent user,edr
2025-09-25T12:35:16.073+01:00,5,sshd: Attempt to login using a non-existent user,DemoHost-11,Wazuh rule 5710: sshd: Attempt to login using a non-existent user,edr
2025-09-25T12:35:16.073+01:00,5,sshd: Attempt to login using a non-existent user,DemoHost-11,Wazuh rule 5710: sshd: Attempt to login using a non-existent user,edr
2025-09-25T12:35:16.073+01:00,5,sshd: Attempt to login using a non-existent user,DemoHost-11,Wazuh rule 5710: sshd: Attempt to login using a non-existent user,edr
2025-09-25T12:35:16.074+01:00,5,sshd: Attempt to login using a non-existent user,DemoHost-11,Wazuh rule 5710: sshd: Attempt to login using a non-existent user,edr
2025-09-25T12:35:16.090+01:00,5,sshd: Attempt to login using a non-existent user,DemoHost-11,Wazuh rule 5710: sshd: Attempt to login using a non-existent user,edr
2025-09-25T12:35:16.090+01:00,5,sshd: Attempt to login using a non-existent user,DemoHost-11,Wazuh rule 5710: sshd: Attempt to login using a non-existent user,edr
2025-09-25T12:35:16.090+01:00,5,sshd: Attempt to login using a non-existent user,DemoHost-11,Wazuh rule 5710: sshd: Attempt to login using a non-existent user,edr
2025-09-25T12:35:16.090+01:00,5,sshd: Attempt to login using a non-existent user,DemoHost-11,Wazuh rule 5710: sshd: Attempt to login using a non-existent user,edr
2025-09-25T12:35:16.091+01:00,5,sshd: Attempt to login using a non-existent user,DemoHost-11,Wazuh rule 5710: sshd: Attempt to login using a non-existent user,edr
2025-09-25T12:35:16.091+01:00,5,sshd: Attempt to login using a non-existent user,DemoHost-11,Wazuh rule 5710: sshd: Attempt to login using a non-existent user,edr
2025-09-25T12:35:16.091+01:00,5,sshd: Attempt to login using a non-existent user,DemoHost-11,Wazuh rule 5710: sshd: Attempt to login using a non-existent user,edr
2025-09-25T12:35:16.109+01:00,5,sshd: Attempt to login using a non-existent user,DemoHost-11,Wazuh rule 5710: sshd: Attempt to login using a non-existent user,edr
2025-09-25T12:35:16.110+01:00,5,sshd: Attempt to login using a non-existent user,DemoHost-11,Wazuh rule 5710: sshd: Attempt to login using a non-existent user,edr
2025-09-25T12:35:16.110+01:00,5,sshd: Attempt to login using a non-existent user,DemoHost-11,Wazuh rule 5710: sshd: Attempt to login using a non-existent user,edr
2025-09-25T12:35:16.110+01:00,5,sshd: Attempt to login using a non-existent user,DemoHost-11,Wazuh rule 5710: sshd: Attempt to login using a non-existent user,edr
2025-09-25T12:35:16.110+01:00,5,sshd: Attempt to login using a non-existent user,DemoHost-11,Wazuh rule 5710: sshd: Attempt to login using a non-existent user,edr
2025-09-25T12:35:16.149+01:00,5,sshd: Attempt to login using a non-existent user,DemoHost-11,Wazuh rule 5710: sshd: Attempt to login using a non-existent user,edr
2025-09-25T12:35:16.149+01:00,5,sshd: Attempt to login using a non-existent user,DemoHost-11,Wazuh rule 5710: sshd: Attempt to login using a non-existent user,edr
2025-09-25T12:35:16.149+01:00,5,sshd: Attempt to login using a non-existent user,DemoHost-11,Wazuh rule 5710: sshd: Attempt to login using a non-existent user,edr
2025-09-25T12:35:16.150+01:00,5,sshd: Attempt to login using a non-existent user,DemoHost-11,Wazuh rule 5710: sshd: Attempt to login using a non-existent user,edr
2025-09-25T12:35:16.150+01:00,5,sshd: Attempt to login using a non-existent user,DemoHost-11,Wazuh rule 5710: sshd: Attempt to login using a non-existent user,edr
2025-09-25T12:35:16.150+01:00,5,sshd: Attempt to login using a non-existent user,DemoHost-11,Wazuh rule 5710: sshd: Attempt to login using a non-existent user,edr
2025-09-25T12:35:16.168+01:00,5,sshd: Attempt to login using a non-existent user,DemoHost-11,Wazuh rule 5710: sshd: Attempt to login using a non-existent user,edr
2025-09-25T12:35:16.168+01:00,5,sshd: Attempt to login using a non-existent user,DemoHost-11,Wazuh rule 5710: sshd: Attempt to login using a non-existent user,edr
2025-09-25T12:35:16.168+01:00,5,sshd: Attempt to login using a non-existent user,DemoHost-11,Wazuh rule 5710: sshd: Attempt to login using a non-existent user,edr
2025-09-25T12:35:16.168+01:00,5,sshd: Attempt to login using a non-existent user,DemoHost-11,Wazuh rule 5710: sshd: Attempt to login using a non-existent user,edr
2025-09-25T12:35:16.169+01:00,5,sshd: Attempt to login using a non-existent user,DemoHost-11,Wazuh rule 5710: sshd: Attempt to login using a non-existent user,edr
2025-09-25T12:35:16.169+01:00,5,sshd: Attempt to login using a non-existent user,DemoHost-11,Wazuh rule 5710: sshd: Attempt to login using a non-existent user,edr
2025-09-25T12:35:16.187+01:00,5,sshd: Attempt to login using a non-existent user,DemoHost-11,Wazuh rule 5710: sshd: Attempt to login using a non-existent user,edr
2025-09-25T12:35:16.187+01:00,5,sshd: Attempt to login using a non-existent user,DemoHost-11,Wazuh rule 5710: sshd: Attempt to login using a non-existent user,edr
2025-09-25T12:35:16.188+01:00,5,sshd: Attempt to login using a non-existent user,DemoHost-11,Wazuh rule 5710: sshd: Attempt to login using a non-existent user,edr
2025-09-25T12:35:16.188+01:00,5,sshd: Attempt to login using a non-existent user,DemoHost-11,Wazuh rule 5710: sshd: Attempt to login using a non-existent user,edr
2025-09-25T12:35:16.207+01:00,5,sshd: Attempt to login using a non-existent user,DemoHost-11,Wazuh rule 5710: sshd: Attempt to login using a non-existent user,edr
2025-09-25T12:35:16.207+01:00,10,syslog: User missed the password more than one time,DemoHost-11,Wazuh rule 2502: syslog: User missed the password more than one time,edr
2025-09-25T12:35:16.207+01:00,5,sshd: Attempt to login using a non-existent user,DemoHost-11,Wazuh rule 5710: sshd: Attempt to login using a non-existent user,edr
2025-09-25T12:35:16.223+01:00,10,syslog: User missed the password more than one time,DemoHost-11,Wazuh rule 2502: syslog: User missed the password more than one time,edr
2025-09-25T12:35:16.223+01:00,5,sshd: Attempt to login using a non-existent user,DemoHost-11,Wazuh rule 5710: sshd: Attempt to login using a non-existent user,edr
2025-09-25T12:35:16.224+01:00,5,PAM: User login failed.,DemoHost-11,Wazuh rule 5503: PAM: User login failed.,edr
2025-09-25T12:35:16.224+01:00,10,syslog: User missed the password more than one time,DemoHost-11,Wazuh rule 2502: syslog: User missed the password more than one time,edr
2025-09-25T12:35:16.224+01:00,5,sshd: Attempt to login using a non-existent user,DemoHost-11,Wazuh rule 5710: sshd: Attempt to login using a non-existent user,edr
2025-09-25T12:35:16.240+01:00,5,sshd: Attempt to login using a non-existent user,DemoHost-11,Wazuh rule 5710: sshd: Attempt to login using a non-existent user,edr
2025-09-25T12:35:16.240+01:00,5,PAM: User login failed.,DemoHost-11,Wazuh rule 5503: PAM: User login failed.,edr
2025-09-25T12:35:16.241+01:00,5,sshd: Attempt to login using a non-existent user,DemoHost-11,Wazuh rule 5710: sshd: Attempt to login using a non-existent user,edr
2025-09-25T12:35:16.241+01:00,5,PAM: User login failed.,DemoHost-11,Wazuh rule 5503: PAM: User login failed.,edr
2025-09-25T12:35:16.240+01:00,5,sshd: Attempt to login using a non-existent user,DemoHost-11,Wazuh rule 5710: sshd: Attempt to login using a non-existent user,edr
2025-09-25T12:35:16.241+01:00,5,sshd: Attempt to login using a non-existent user,DemoHost-11,Wazuh rule 5710: sshd: Attempt to login using a non-existent user,edr
2025-09-25T12:35:16.241+01:00,5,sshd: Attempt to login using a non-existent user,DemoHost-11,Wazuh rule 5710: sshd: Attempt to login using a non-existent user,edr
2025-09-25T12:35:16.241+01:00,5,sshd: Attempt to login using a non-existent user,DemoHost-11,Wazuh rule 5710: sshd: Attempt to login using a non-existent user,edr
2025-09-25T12:35:16.259+01:00,5,sshd: Attempt to login using a non-existent user,DemoHost-11,Wazuh rule 5710: sshd: Attempt to login using a non-existent user,edr
2025-09-25T12:35:16.260+01:00,5,sshd: Attempt to login using a non-existent user,DemoHost-11,Wazuh rule 5710: sshd: Attempt to login using a non-existent user,edr
2025-09-25T12:35:16.260+01:00,5,sshd: Attempt to login using a non-existent user,DemoHost-11,Wazuh rule 5710: sshd: Attempt to login using a non-existent user,edr
2025-09-25T12:35:16.260+01:00,5,sshd: Attempt to login using a non-existent user,DemoHost-11,Wazuh rule 5710: sshd: Attempt to login using a non-existent user,edr
2025-09-25T12:35:16.260+01:00,5,sshd: Attempt to login using a non-existent user,DemoHost-11,Wazuh rule 5710: sshd: Attempt to login using a non-existent user,edr
2025-09-25T12:35:16.260+01:00,10,syslog: User missed the password more than one time,DemoHost-11,Wazuh rule 2502: syslog: User missed the password more than one time,edr
2025-09-25T12:35:16.279+01:00,10,syslog: User missed the password more than one time,DemoHost-11,Wazuh rule 2502: syslog: User missed the password more than one time,edr
2025-09-25T12:35:16.279+01:00,5,sshd: Attempt to login using a non-existent user,DemoHost-11,Wazuh rule 5710: sshd: Attempt to login using a non-existent user,edr
2025-09-25T12:35:16.279+01:00,5,sshd: Attempt to login using a non-existent user,DemoHost-11,Wazuh rule 5710: sshd: Attempt to login using a non-existent user,edr
2025-09-25T12:35:16.279+01:00,5,sshd: Attempt to login using a non-existent user,DemoHost-11,Wazuh rule 5710: sshd: Attempt to login using a non-existent user,edr
2025-09-25T12:35:16.279+01:00,10,syslog: User missed the password more than one time,DemoHost-11,Wazuh rule 2502: syslog: User missed the password more than one time,edr
2025-09-25T12:35:16.295+01:00,5,sshd: Attempt to login using a non-existent user,DemoHost-11,Wazuh rule 5710: sshd: Attempt to login using a non-existent user,edr
2025-09-25T12:35:16.295+01:00,5,sshd: Attempt to login using a non-existent user,DemoHost-11,Wazuh rule 5710: sshd: Attempt to login using a non-existent user,edr
2025-09-25T12:35:16.295+01:00,10,syslog: User missed the password more than one time,DemoHost-11,Wazuh rule 2502: syslog: User missed the password more than one time,edr
2025-09-25T12:35:16.295+01:00,10,syslog: User missed the password more than one time,DemoHost-11,Wazuh rule 2502: syslog: User missed the password more than one time,edr
2025-09-25T12:35:16.296+01:00,5,PAM: User login failed.,DemoHost-11,Wazuh rule 5503: PAM: User login failed.,edr
2025-09-25T12:35:16.312+01:00,5,PAM: User login failed.,DemoHost-11,Wazuh rule 5503: PAM: User login failed.,edr
2025-09-25T12:35:16.312+01:00,5,PAM: User login failed.,DemoHost-11,Wazuh rule 5503: PAM: User login failed.,edr
2025-09-25T12:35:16.312+01:00,5,sshd: authentication failed.,DemoHost-11,Wazuh rule 5760: sshd: authentication failed.,edr
2025-09-25T12:35:16.312+01:00,5,sshd: Attempt to login using a non-existent user,DemoHost-11,Wazuh rule 5710: sshd: Attempt to login using a non-existent user,edr
2025-09-25T12:35:16.312+01:00,5,sshd: Attempt to login using a non-existent user,DemoHost-11,Wazuh rule 5710: sshd: Attempt to login using a non-existent user,edr
2025-09-25T12:35:16.313+01:00,8,Maximum authentication attempts exceeded.,DemoHost-11,Wazuh rule 5758: Maximum authentication attempts exceeded.,edr
2025-09-25T12:35:16.313+01:00,8,Maximum authentication attempts exceeded.,DemoHost-11,Wazuh rule 5758: Maximum authentication attempts exceeded.,edr
2025-09-25T12:35:16.313+01:00,5,sshd: Attempt to login using a non-existent user,DemoHost-11,Wazuh rule 5710: sshd: Attempt to login using a non-existent user,edr
2025-09-25T12:35:16.329+01:00,10,syslog: User missed the password more than one time,DemoHost-11,Wazuh rule 2502: syslog: User missed the password more than one time,edr
2025-09-25T12:35:16.329+01:00,10,syslog: User missed the password more than one time,DemoHost-11,Wazuh rule 2502: syslog: User missed the password more than one time,edr
2025-09-25T12:35:16.330+01:00,8,Maximum authentication attempts exceeded.,DemoHost-11,Wazuh rule 5758: Maximum authentication attempts exceeded.,edr
2025-09-25T12:35:16.330+01:00,5,PAM: User login failed.,DemoHost-11,Wazuh rule 5503: PAM: User login failed.,edr
2025-09-25T12:35:16.330+01:00,5,PAM: User login failed.,DemoHost-11,Wazuh rule 5503: PAM: User login failed.,edr
2025-09-25T12:35:16.330+01:00,5,sshd: Attempt to login using a non-existent user,DemoHost-11,Wazuh rule 5710: sshd: Attempt to login using a non-existent user,edr
2025-09-25T12:35:16.346+01:00,10,syslog: User missed the password more than one time,DemoHost-11,Wazuh rule 2502: syslog: User missed the password more than one time,edr
2025-09-25T12:35:16.346+01:00,8,Maximum authentication attempts exceeded.,DemoHost-11,Wazuh rule 5758: Maximum authentication attempts exceeded.,edr
2025-09-25T12:35:16.346+01:00,5,sshd: Attempt to login using a non-existent user,DemoHost-11,Wazuh rule 5710: sshd: Attempt to login using a non-existent user,edr
2025-09-25T12:35:16.347+01:00,8,Maximum authentication attempts exceeded.,DemoHost-11,Wazuh rule 5758: Maximum authentication attempts exceeded.,edr
2025-09-25T12:35:16.346+01:00,10,syslog: User missed the password more than one time,DemoHost-11,Wazuh rule 2502: syslog: User missed the password more than one time,edr
2025-09-25T12:35:16.347+01:00,5,sshd: Attempt to login using a non-existent user,DemoHost-11,Wazuh rule 5710: sshd: Attempt to login using a non-existent user,edr
2025-09-25T12:35:16.363+01:00,8,Maximum authentication attempts exceeded.,DemoHost-11,Wazuh rule 5758: Maximum authentication attempts exceeded.,edr
2025-09-25T12:35:16.363+01:00,5,sshd: Attempt to login using a non-existent user,DemoHost-11,Wazuh rule 5710: sshd: Attempt to login using a non-existent user,edr
2025-09-25T12:35:16.363+01:00,10,syslog: User missed the password more than one time,DemoHost-11,Wazuh rule 2502: syslog: User missed the password more than one time,edr
2025-09-25T12:35:16.364+01:00,8,Maximum authentication attempts exceeded.,DemoHost-11,Wazuh rule 5758: Maximum authentication attempts exceeded.,edr
2025-09-25T12:35:16.363+01:00,10,syslog: User missed the password more than one time,DemoHost-11,Wazuh rule 2502: syslog: User missed the password more than one time,edr
2025-09-25T12:35:16.363+01:00,5,sshd: authentication failed.,DemoHost-11,Wazuh rule 5760: sshd: authentication failed.,edr
2025-09-25T12:35:16.380+01:00,5,sshd: Attempt to login using a non-existent user,DemoHost-11,Wazuh rule 5710: sshd: Attempt to login using a non-existent user,edr
2025-09-25T12:35:16.380+01:00,5,sshd: authentication failed.,DemoHost-11,Wazuh rule 5760: sshd: authentication failed.,edr
2025-09-25T12:35:16.380+01:00,10,syslog: User missed the password more than one time,DemoHost-11,Wazuh rule 2502: syslog: User missed the password more than one time,edr
2025-09-25T12:35:16.381+01:00,10,syslog: User missed the password more than one time,DemoHost-11,Wazuh rule 2502: syslog: User missed the password more than one time,edr
2025-09-25T12:35:16.381+01:00,5,sshd: Attempt to login using a non-existent user,DemoHost-11,Wazuh rule 5710: sshd: Attempt to login using a non-existent user,edr
2025-09-25T12:35:16.381+01:00,8,Maximum authentication attempts exceeded.,DemoHost-11,Wazuh rule 5758: Maximum authentication attempts exceeded.,edr
2025-09-25T12:35:16.399+01:00,5,sshd: authentication failed.,DemoHost-11,Wazuh rule 5760: sshd: authentication failed.,edr
2025-09-25T12:35:16.399+01:00,5,sshd: authentication failed.,DemoHost-11,Wazuh rule 5760: sshd: authentication failed.,edr
2025-09-25T12:35:16.399+01:00,5,sshd: authentication failed.,DemoHost-11,Wazuh rule 5760: sshd: authentication failed.,edr
2025-09-25T12:35:16.400+01:00,5,sshd: authentication failed.,DemoHost-11,Wazuh rule 5760: sshd: authentication failed.,edr
2025-09-25T12:35:16.400+01:00,10,sshd: brute force trying to get access to the system. Authentication failed.,DemoHost-11,Wazuh rule 5763: sshd: brute force trying to get access to the system. Authentication failed.,edr
2025-09-25T12:35:16.400+01:00,5,sshd: authentication failed.,DemoHost-11,Wazuh rule 5760: sshd: authentication failed.,edr
2025-09-25T12:35:16.400+01:00,5,sshd: authentication failed.,DemoHost-11,Wazuh rule 5760: sshd: authentication failed.,edr
2025-09-25T12:35:16.400+01:00,5,sshd: authentication failed.,DemoHost-11,Wazuh rule 5760: sshd: authentication failed.,edr
2025-09-25T12:35:16.400+01:00,5,sshd: authentication failed.,DemoHost-11,Wazuh rule 5760: sshd: authentication failed.,edr
2025-09-25T12:35:16.419+01:00,5,sshd: authentication failed.,DemoHost-11,Wazuh rule 5760: sshd: authentication failed.,edr
2025-09-25T12:35:16.419+01:00,5,sshd: authentication failed.,DemoHost-11,Wazuh rule 5760: sshd: authentication failed.,edr
2025-09-25T12:35:16.419+01:00,5,sshd: authentication failed.,DemoHost-11,Wazuh rule 5760: sshd: authentication failed.,edr
2025-09-25T12:35:16.419+01:00,5,sshd: authentication failed.,DemoHost-11,Wazuh rule 5760: sshd: authentication failed.,edr
2025-09-25T12:35:16.419+01:00,5,sshd: authentication failed.,DemoHost-11,Wazuh rule 5760: sshd: authentication failed.,edr
2025-09-25T12:35:16.419+01:00,5,sshd: authentication failed.,DemoHost-11,Wazuh rule 5760: sshd: authentication failed.,edr
2025-09-25T12:35:16.419+01:00,5,sshd: Attempt to login using a non-existent user,DemoHost-11,Wazuh rule 5710: sshd: Attempt to login using a non-existent user,edr
2025-09-25T12:35:16.419+01:00,5,sshd: authentication failed.,DemoHost-11,Wazuh rule 5760: sshd: authentication failed.,edr
2025-09-25T12:35:16.438+01:00,5,sshd: Attempt to login using a non-existent user,DemoHost-11,Wazuh rule 5710: sshd: Attempt to login using a non-existent user,edr
2025-09-25T12:35:16.438+01:00,10,PAM: Multiple failed logins in a small period of time.,DemoHost-11,Wazuh rule 5551: PAM: Multiple failed logins in a small period of time.,edr
2025-09-25T12:35:16.438+01:00,5,sshd: Attempt to login using a non-existent user,DemoHost-11,Wazuh rule 5710: sshd: Attempt to login using a non-existent user,edr
2025-09-25T12:35:16.438+01:00,5,PAM: User login failed.,DemoHost-11,Wazuh rule 5503: PAM: User login failed.,edr
2025-09-25T12:35:16.439+01:00,5,PAM: User login failed.,DemoHost-11,Wazuh rule 5503: PAM: User login failed.,edr
2025-09-25T12:35:16.439+01:00,5,sshd: Attempt to login using a non-existent user,DemoHost-11,Wazuh rule 5710: sshd: Attempt to login using a non-existent user,edr
2025-09-25T12:35:16.455+01:00,5,PAM: User login failed.,DemoHost-11,Wazuh rule 5503: PAM: User login failed.,edr
2025-09-25T12:35:16.455+01:00,5,PAM: User login failed.,DemoHost-11,Wazuh rule 5503: PAM: User login failed.,edr
2025-09-25T12:35:16.455+01:00,5,PAM: User login failed.,DemoHost-11,Wazuh rule 5503: PAM: User login failed.,edr
2025-09-25T12:35:16.455+01:00,5,sshd: authentication failed.,DemoHost-11,Wazuh rule 5760: sshd: authentication failed.,edr
2025-09-25T12:35:16.455+01:00,5,sshd: Attempt to login using a non-existent user,DemoHost-11,Wazuh rule 5710: sshd: Attempt to login using a non-existent user,edr
2025-09-25T12:35:16.455+01:00,5,PAM: User login failed.,DemoHost-11,Wazuh rule 5503: PAM: User login failed.,edr
2025-09-25T12:35:16.455+01:00,12,Multiple authentication failures followed by a success.,DemoHost-11,Wazuh rule 40112: Multiple authentication failures followed by a success.,edr
2025-09-25T12:35:16.474+01:00,3,PAM: Login session opened.,DemoHost-11,Wazuh rule 5501: PAM: Login session opened.,edr
2025-09-25T12:35:16.474+01:00,5,sshd: authentication failed.,DemoHost-11,Wazuh rule 5760: sshd: authentication failed.,edr
2025-09-25T12:35:16.475+01:00,3,PAM: Login session closed.,DemoHost-11,Wazuh rule 5502: PAM: Login session closed.,edr
2025-09-25T12:35:16.475+01:00,5,sshd: authentication failed.,DemoHost-11,Wazuh rule 5760: sshd: authentication failed.,edr
2025-09-25T12:35:16.475+01:00,5,sshd: authentication failed.,DemoHost-11,Wazuh rule 5760: sshd: authentication failed.,edr
2025-09-25T12:35:16.475+01:00,5,sshd: authentication failed.,DemoHost-11,Wazuh rule 5760: sshd: authentication failed.,edr
2025-09-25T12:35:16.475+01:00,5,sshd: authentication failed.,DemoHost-11,Wazuh rule 5760: sshd: authentication failed.,edr
2025-09-25T12:35:16.517+01:00,5,PAM: User login failed.,DemoHost-11,Wazuh rule 5503: PAM: User login failed.,edr
2025-09-25T12:35:16.517+01:00,5,sshd: authentication failed.,DemoHost-11,Wazuh rule 5760: sshd: authentication failed.,edr
2025-09-25T12:35:16.517+01:00,5,sshd: authentication failed.,DemoHost-11,Wazuh rule 5760: sshd: authentication failed.,edr
2025-09-25T12:35:17.502+01:00,5,sshd: Attempt to login using a non-existent user,DemoHost-11,Wazuh rule 5710: sshd: Attempt to login using a non-existent user,edr
2025-09-25T12:35:17.506+01:00,10,syslog: User missed the password more than one time,DemoHost-11,Wazuh rule 2502: syslog: User missed the password more than one time,edr
2025-09-25T12:35:17.509+01:00,5,sshd: Attempt to login using a non-existent user,DemoHost-11,Wazuh rule 5710: sshd: Attempt to login using a non-existent user,edr
2025-09-25T12:35:17.511+01:00,5,sshd: Attempt to login using a non-existent user,DemoHost-11,Wazuh rule 5710: sshd: Attempt to login using a non-existent user,edr
2025-09-25T12:35:17.513+01:00,5,sshd: Attempt to login using a non-existent user,DemoHost-11,Wazuh rule 5710: sshd: Attempt to login using a non-existent user,edr
2025-09-25T12:35:17.515+01:00,5,sshd: Attempt to login using a non-existent user,DemoHost-11,Wazuh rule 5710: sshd: Attempt to login using a non-existent user,edr
2025-09-25T12:35:17.517+01:00,5,sshd: authentication failed.,DemoHost-11,Wazuh rule 5760: sshd: authentication failed.,edr
2025-09-25T12:35:17.521+01:00,10,syslog: User missed the password more than one time,DemoHost-11,Wazuh rule 2502: syslog: User missed the password more than one time,edr
2025-09-25T12:35:17.523+01:00,5,sshd: authentication failed.,DemoHost-11,Wazuh rule 5760: sshd: authentication failed.,edr
2025-09-25T12:35:17.526+01:00,10,PAM: Multiple failed logins in a small period of time.,DemoHost-11,Wazuh rule 5551: PAM: Multiple failed logins in a small period of time.,edr
2025-09-25T12:35:17.530+01:00,10,syslog: User missed the password more than one time,DemoHost-11,Wazuh rule 2502: syslog: User missed the password more than one time,edr
2025-09-25T12:35:17.539+01:00,10,syslog: User missed the password more than one time,DemoHost-11,Wazuh rule 2502: syslog: User missed the password more than one time,edr
2025-09-25T12:35:17.541+01:00,10,syslog: User missed the password more than one time,DemoHost-11,Wazuh rule 2502: syslog: User missed the password more than one time,edr
2025-09-25T12:35:17.545+01:00,10,syslog: User missed the password more than one time,DemoHost-11,Wazuh rule 2502: syslog: User missed the password more than one time,edr
2025-09-25T12:35:17.549+01:00,5,sshd: authentication failed.,DemoHost-11,Wazuh rule 5760: sshd: authentication failed.,edr
2025-09-25T12:35:17.554+01:00,10,syslog: User missed the password more than one time,DemoHost-11,Wazuh rule 2502: syslog: User missed the password more than one time,edr
2025-09-25T12:35:17.568+01:00,10,syslog: User missed the password more than one time,DemoHost-11,Wazuh rule 2502: syslog: User missed the password more than one time,edr
2025-09-25T12:35:19.512+01:00,5,sshd: authentication failed.,DemoHost-11,Wazuh rule 5760: sshd: authentication failed.,edr
2025-09-25T12:35:27.513+01:00,12,Multiple authentication failures followed by a success.,DemoHost-11,Wazuh rule 40112: Multiple authentication failures followed by a success.,edr
2025-09-25T12:35:27.557+01:00,3,PAM: Login session opened.,DemoHost-11,Wazuh rule 5501: PAM: Login session opened.,edr
2025-09-25T12:35:39.202+01:00,3,vsftpd: FTP session opened.,DemoHost-05,Wazuh rule 11401: vsftpd: FTP session opened.,edr
2025-09-25T12:35:41.204+01:00,3,vsftpd: FTP session opened.,DemoHost-05,Wazuh rule 11401: vsftpd: FTP session opened.,edr
2025-09-25T12:35:41.204+01:00,3,vsftpd: FTP Authentication success.,DemoHost-05,Wazuh rule 11402: vsftpd: FTP Authentication success.,edr
2025-09-25T12:36:39.261+01:00,3,vsftpd: FTP session opened.,DemoHost-05,Wazuh rule 11401: vsftpd: FTP session opened.,edr
2025-09-25T12:36:54.598+01:00,3,Service logon event registered from non standard service account.,DemoHost-04,Wazuh rule 67024: Service logon event registered from non standard service account.,edr
2025-09-25T12:36:54.599+01:00,3,Special privileges assigned to new logon.,DemoHost-04,Wazuh rule 67028: Special privileges assigned to new logon.,edr
2025-09-25T12:36:54.607+01:00,3,Windows Logon Success,DemoHost-04,Wazuh rule 60106: Windows Logon Success,edr
2025-09-25T12:36:54.608+01:00,3,Special privileges assigned to new logon.,DemoHost-04,Wazuh rule 67028: Special privileges assigned to new logon.,edr
2025-09-25T12:36:54.649+01:00,3,Windows User Logoff,DemoHost-04,Wazuh rule 60137: Windows User Logoff,edr
2025-09-25T12:36:56.248+01:00,5,Logon Failure - Unknown user or bad password,DemoHost-04,Wazuh rule 60122: Logon Failure - Unknown user or bad password,edr
2025-09-25T12:36:56.252+01:00,5,Logon Failure - Unknown user or bad password,DemoHost-04,Wazuh rule 60122: Logon Failure - Unknown user or bad password,edr
2025-09-25T12:36:58.094+01:00,5,Logon Failure - Unknown user or bad password,DemoHost-04,Wazuh rule 60122: Logon Failure - Unknown user or bad password,edr
2025-09-25T12:36:58.096+01:00,3,Non service account logged off.,DemoHost-04,Wazuh rule 67023: Non service account logged off.,edr
2025-09-25T12:36:59.109+01:00,3,Service logon event registered from non standard service account.,DemoHost-04,Wazuh rule 67024: Service logon event registered from non standard service account.,edr
2025-09-25T12:36:59.111+01:00,3,Special privileges assigned to new logon.,DemoHost-04,Wazuh rule 67028: Special privileges assigned to new logon.,edr
2025-09-25T12:36:59.119+01:00,3,Windows Logon Success,DemoHost-04,Wazuh rule 60106: Windows Logon Success,edr
2025-09-25T12:36:59.123+01:00,3,Special privileges assigned to new logon.,DemoHost-04,Wazuh rule 67028: Special privileges assigned to new logon.,edr
2025-09-25T12:36:59.125+01:00,3,Windows User Logoff,DemoHost-04,Wazuh rule 60137: Windows User Logoff,edr
2025-09-25T12:36:59.128+01:00,5,Logon Failure - Unknown user or bad password,DemoHost-04,Wazuh rule 60122: Logon Failure - Unknown user or bad password,edr
2025-09-25T12:37:00.904+01:00,5,Logon Failure - Unknown user or bad password,DemoHost-04,Wazuh rule 60122: Logon Failure - Unknown user or bad password,edr
2025-09-25T12:37:00.907+01:00,5,Logon Failure - Unknown user or bad password,DemoHost-04,Wazuh rule 60122: Logon Failure - Unknown user or bad password,edr
2025-09-25T12:37:00.908+01:00,3,Non service account logged off.,DemoHost-04,Wazuh rule 67023: Non service account logged off.,edr
2025-09-25T12:37:02.897+01:00,3,Service logon event registered from non standard service account.,DemoHost-04,Wazuh rule 67024: Service logon event registered from non standard service account.,edr
2025-09-25T12:37:02.898+01:00,3,Special privileges assigned to new logon.,DemoHost-04,Wazuh rule 67028: Special privileges assigned to new logon.,edr
2025-09-25T12:37:02.908+01:00,3,Windows Logon Success,DemoHost-04,Wazuh rule 60106: Windows Logon Success,edr
2025-09-25T12:37:02.910+01:00,3,Special privileges assigned to new logon.,DemoHost-04,Wazuh rule 67028: Special privileges assigned to new logon.,edr
2025-09-25T12:37:02.912+01:00,3,Windows User Logoff,DemoHost-04,Wazuh rule 60137: Windows User Logoff,edr
2025-09-25T12:37:02.919+01:00,5,Logon Failure - Unknown user or bad password,DemoHost-04,Wazuh rule 60122: Logon Failure - Unknown user or bad password,edr
2025-09-25T12:37:04.720+01:00,5,Logon Failure - Unknown user or bad password,DemoHost-04,Wazuh rule 60122: Logon Failure - Unknown user or bad password,edr
2025-09-25T12:37:04.723+01:00,5,Logon Failure - Unknown user or bad password,DemoHost-04,Wazuh rule 60122: Logon Failure - Unknown user or bad password,edr
2025-09-25T12:37:04.724+01:00,3,Non service account logged off.,DemoHost-04,Wazuh rule 67023: Non service account logged off.,edr
2025-09-25T12:37:06.581+01:00,3,Service logon event registered from non standard service account.,DemoHost-04,Wazuh rule 67024: Service logon event registered from non standard service account.,edr
2025-09-25T12:37:06.582+01:00,3,Special privileges assigned to new logon.,DemoHost-04,Wazuh rule 67028: Special privileges assigned to new logon.,edr
2025-09-25T12:37:06.589+01:00,3,Windows Logon Success,DemoHost-04,Wazuh rule 60106: Windows Logon Success,edr
2025-09-25T12:37:06.591+01:00,3,Special privileges assigned to new logon.,DemoHost-04,Wazuh rule 67028: Special privileges assigned to new logon.,edr
2025-09-25T12:37:06.593+01:00,3,Windows User Logoff,DemoHost-04,Wazuh rule 60137: Windows User Logoff,edr
2025-09-25T12:37:06.596+01:00,5,Logon Failure - Unknown user or bad password,DemoHost-04,Wazuh rule 60122: Logon Failure - Unknown user or bad password,edr
2025-09-25T12:37:08.419+01:00,5,Logon Failure - Unknown user or bad password,DemoHost-04,Wazuh rule 60122: Logon Failure - Unknown user or bad password,edr
2025-09-25T12:37:08.422+01:00,5,Logon Failure - Unknown user or bad password,DemoHost-04,Wazuh rule 60122: Logon Failure - Unknown user or bad password,edr
2025-09-25T12:37:08.423+01:00,3,Non service account logged off.,DemoHost-04,Wazuh rule 67023: Non service account logged off.,edr
2025-09-25T12:37:10.316+01:00,3,Service logon event registered from non standard service account.,DemoHost-04,Wazuh rule 67024: Service logon event registered from non standard service account.,edr
2025-09-25T12:37:10.317+01:00,3,Special privileges assigned to new logon.,DemoHost-04,Wazuh rule 67028: Special privileges assigned to new logon.,edr
2025-09-25T12:37:10.324+01:00,3,Windows Logon Success,DemoHost-04,Wazuh rule 60106: Windows Logon Success,edr
2025-09-25T12:37:10.326+01:00,3,Special privileges assigned to new logon.,DemoHost-04,Wazuh rule 67028: Special privileges assigned to new logon.,edr
2025-09-25T12:37:10.327+01:00,3,Windows User Logoff,DemoHost-04,Wazuh rule 60137: Windows User Logoff,edr
2025-09-25T12:37:10.330+01:00,5,Logon Failure - Unknown user or bad password,DemoHost-04,Wazuh rule 60122: Logon Failure - Unknown user or bad password,edr
2025-09-25T12:37:12.107+01:00,5,Logon Failure - Unknown user or bad password,DemoHost-04,Wazuh rule 60122: Logon Failure - Unknown user or bad password,edr
2025-09-25T12:37:12.109+01:00,5,Logon Failure - Unknown user or bad password,DemoHost-04,Wazuh rule 60122: Logon Failure - Unknown user or bad password,edr
2025-09-25T12:37:12.111+01:00,3,Non service account logged off.,DemoHost-04,Wazuh rule 67023: Non service account logged off.,edr
2025-09-25T12:37:13.991+01:00,3,Service logon event registered from non standard service account.,DemoHost-04,Wazuh rule 67024: Service logon event registered from non standard service account.,edr
2025-09-25T12:37:13.993+01:00,3,Special privileges assigned to new logon.,DemoHost-04,Wazuh rule 67028: Special privileges assigned to new logon.,edr
2025-09-25T12:37:14.000+01:00,3,Windows Logon Success,DemoHost-04,Wazuh rule 60106: Windows Logon Success,edr
2025-09-25T12:37:14.002+01:00,3,Special privileges assigned to new logon.,DemoHost-04,Wazuh rule 67028: Special privileges assigned to new logon.,edr
2025-09-25T12:37:14.004+01:00,3,Windows User Logoff,DemoHost-04,Wazuh rule 60137: Windows User Logoff,edr
2025-09-25T12:37:14.007+01:00,5,Logon Failure - Unknown user or bad password,DemoHost-04,Wazuh rule 60122: Logon Failure - Unknown user or bad password,edr
2025-09-25T12:37:15.701+01:00,5,Logon Failure - Unknown user or bad password,DemoHost-04,Wazuh rule 60122: Logon Failure - Unknown user or bad password,edr
2025-09-25T12:37:15.705+01:00,5,Logon Failure - Unknown user or bad password,DemoHost-04,Wazuh rule 60122: Logon Failure - Unknown user or bad password,edr
2025-09-25T12:37:15.707+01:00,3,Non service account logged off.,DemoHost-04,Wazuh rule 67023: Non service account logged off.,edr
2025-09-25T12:37:18.316+01:00,3,Service logon event registered from non standard service account.,DemoHost-04,Wazuh rule 67024: Service logon event registered from non standard service account.,edr
2025-09-25T12:37:18.317+01:00,3,Special privileges assigned to new logon.,DemoHost-04,Wazuh rule 67028: Special privileges assigned to new logon.,edr
2025-09-25T12:37:18.323+01:00,3,Windows Logon Success,DemoHost-04,Wazuh rule 60106: Windows Logon Success,edr
2025-09-25T12:37:18.325+01:00,3,Special privileges assigned to new logon.,DemoHost-04,Wazuh rule 67028: Special privileges assigned to new logon.,edr
2025-09-25T12:37:18.327+01:00,3,Windows User Logoff,DemoHost-04,Wazuh rule 60137: Windows User Logoff,edr
2025-09-25T12:37:31.312+01:00,3,vsftpd: FTP session opened.,DemoHost-05,Wazuh rule 11401: vsftpd: FTP session opened.,edr
2025-09-25T12:37:31.353+01:00,3,vsftpd: FTP Authentication success.,DemoHost-05,Wazuh rule 11402: vsftpd: FTP Authentication success.,edr
2025-09-25T12:37:36.136+01:00,3,Software protection service scheduled successfully.,DemoHost-04,Wazuh rule 60642: Software protection service scheduled successfully.,edr
2025-09-25T12:37:39.321+01:00,3,vsftpd: FTP session opened.,DemoHost-05,Wazuh rule 11401: vsftpd: FTP session opened.,edr
2025-09-25T12:37:45.186+01:00,5,Logon Failure - Unknown user or bad password,DemoHost-04,Wazuh rule 60122: Logon Failure - Unknown user or bad password,edr
2025-09-25T12:37:45.189+01:00,5,Logon Failure - Unknown user or bad password,DemoHost-04,Wazuh rule 60122: Logon Failure - Unknown user or bad password,edr
